"id","kloeke_nieuw","kloeke_uri","altname"
"1","A001a","http://www.meertens.knaw.nl/kloeke/index.php?kloekenummer=A001a","Baaidunen"
"2","A001p","http://www.meertens.knaw.nl/kloeke/index.php?kloekenummer=A001p","Midslan"
"3","A001q","http://www.meertens.knaw.nl/kloeke/index.php?kloekenummer=A001q","Lys"
"4","A001z","http://www.meertens.knaw.nl/kloeke/index.php?kloekenummer=A001z","Formearum"
"5","A002p","http://www.meertens.knaw.nl/kloeke/index.php?kloekenummer=A002p","West-Skylge"
"6","B006p","http://www.meertens.knaw.nl/kloeke/index.php?kloekenummer=B006p","Aasterein"
"7","B012p","http://www.meertens.knaw.nl/kloeke/index.php?kloekenummer=B012p","Hantumhuzen"
"8","B013a","http://www.meertens.knaw.nl/kloeke/index.php?kloekenummer=B013a","Easternijtsjerk"
"9","B013b","http://www.meertens.knaw.nl/kloeke/index.php?kloekenummer=B013b","Eanjum"
"10","B013c","http://www.meertens.knaw.nl/kloeke/index.php?kloekenummer=B013c","Nijewier"
"11","B013d","http://www.meertens.knaw.nl/kloeke/index.php?kloekenummer=B013d","Ljussens"
"12","B013e","http://www.meertens.knaw.nl/kloeke/index.php?kloekenummer=B013e","Moarre"
"13","B013p","http://www.meertens.knaw.nl/kloeke/index.php?kloekenummer=B013p","Mitslewier"
"14","B013q","http://www.meertens.knaw.nl/kloeke/index.php?kloekenummer=B013q","Wetsens"
"15","B014p","http://www.meertens.knaw.nl/kloeke/index.php?kloekenummer=B014p","Paessens"
"16","B018p","http://www.meertens.knaw.nl/kloeke/index.php?kloekenummer=B018p","Sint Jabik"
"17","B019p","http://www.meertens.knaw.nl/kloeke/index.php?kloekenummer=B019p","Sint Anne"
"18","B019z","http://www.meertens.knaw.nl/kloeke/index.php?kloekenummer=B019z","Nije Dyk"
"19","B020p","http://www.meertens.knaw.nl/kloeke/index.php?kloekenummer=B020p","Ouwesyl"
"20","B021p","http://www.meertens.knaw.nl/kloeke/index.php?kloekenummer=B021p","Froubuert"
"21","B022a","http://www.meertens.knaw.nl/kloeke/index.php?kloekenummer=B022a","Marum"
"22","B022p","http://www.meertens.knaw.nl/kloeke/index.php?kloekenummer=B022p","Westernijtjerk"
"23","B024b","http://www.meertens.knaw.nl/kloeke/index.php?kloekenummer=B024b","It Tichelwurk"
"24","B025p","http://www.meertens.knaw.nl/kloeke/index.php?kloekenummer=B025p","Wyns"
"25","B027p","http://www.meertens.knaw.nl/kloeke/index.php?kloekenummer=B027p","Burdaerd"
"26","B028p","http://www.meertens.knaw.nl/kloeke/index.php?kloekenummer=B028p","Aldtsjerk"
"27","B029a","http://www.meertens.knaw.nl/kloeke/index.php?kloekenummer=B029a","Ikkerwald"
"28","B029b","http://www.meertens.knaw.nl/kloeke/index.php?kloekenummer=B029b","De Broek under Ikkerwald"
"29","B029p","http://www.meertens.knaw.nl/kloeke/index.php?kloekenummer=B029p","Rinsumageast"
"30","B029q","http://www.meertens.knaw.nl/kloeke/index.php?kloekenummer=B029q","Readtsjerk"
"31","B030a","http://www.meertens.knaw.nl/kloeke/index.php?kloekenummer=B030a","Raerd"
"32","B031a","http://www.meertens.knaw.nl/kloeke/index.php?kloekenummer=B031a","De Westerein"
"33","B031p","http://www.meertens.knaw.nl/kloeke/index.php?kloekenummer=B031p","Moarmwald"
"34","B032a","http://www.meertens.knaw.nl/kloeke/index.php?kloekenummer=B032a","Damwald"
"35","B032b","http://www.meertens.knaw.nl/kloeke/index.php?kloekenummer=B032b","Walterswald"
"36","B032p","http://www.meertens.knaw.nl/kloeke/index.php?kloekenummer=B032p","Driezum"
"37","B033a","http://www.meertens.knaw.nl/kloeke/index.php?kloekenummer=B033a","Ingwierrum"
"38","B033b","http://www.meertens.knaw.nl/kloeke/index.php?kloekenummer=B033b","Eastrum"
"39","B033p","http://www.meertens.knaw.nl/kloeke/index.php?kloekenummer=B033p","Ie"
"40","B034a","http://www.meertens.knaw.nl/kloeke/index.php?kloekenummer=B034a","Kollumersweach"
"41","B034b","http://www.meertens.knaw.nl/kloeke/index.php?kloekenummer=B034b","Westergeast"
"42","B034p","http://www.meertens.knaw.nl/kloeke/index.php?kloekenummer=B034p","Aldwalde"
"43","B035a","http://www.meertens.knaw.nl/kloeke/index.php?kloekenummer=B035a","Sweagerfean"
"44","B036p","http://www.meertens.knaw.nl/kloeke/index.php?kloekenummer=B036p","Butenpost"
"45","B038p","http://www.meertens.knaw.nl/kloeke/index.php?kloekenummer=B038p","Muntsesyl"
"46","B039a","http://www.meertens.knaw.nl/kloeke/index.php?kloekenummer=B039a","Middelwaard"
"47","B043p","http://www.meertens.knaw.nl/kloeke/index.php?kloekenummer=B043p","Seisbierrum"
"48","B043q","http://www.meertens.knaw.nl/kloeke/index.php?kloekenummer=B043q","Pitersbierrum"
"49","B044a","http://www.meertens.knaw.nl/kloeke/index.php?kloekenummer=B044a","Hearbeam"
"50","B044p","http://www.meertens.knaw.nl/kloeke/index.php?kloekenummer=B044p","Winaam"
"51","B045p","http://www.meertens.knaw.nl/kloeke/index.php?kloekenummer=B045p","Harns"
"52","B045z","http://www.meertens.knaw.nl/kloeke/index.php?kloekenummer=B045z","Mullum"
"53","B046a","http://www.meertens.knaw.nl/kloeke/index.php?kloekenummer=B046a","Minnertsgea"
"54","B046b","http://www.meertens.knaw.nl/kloeke/index.php?kloekenummer=B046b","Easterbierrum"
"55","B046p","http://www.meertens.knaw.nl/kloeke/index.php?kloekenummer=B046p","Tsjommearum"
"56","B047g","http://www.meertens.knaw.nl/kloeke/index.php?kloekenummer=B047g","Doanjum"
"57","B048a","http://www.meertens.knaw.nl/kloeke/index.php?kloekenummer=B048a","Hitsum"
"58","B048b","http://www.meertens.knaw.nl/kloeke/index.php?kloekenummer=B048b","Skalsum"
"59","B048p","http://www.meertens.knaw.nl/kloeke/index.php?kloekenummer=B048p","Frjentsjer"
"60","B049p","http://www.meertens.knaw.nl/kloeke/index.php?kloekenummer=B049p","Berltsum"
"61","B050p","http://www.meertens.knaw.nl/kloeke/index.php?kloekenummer=B050p","Menaam"
"62","B051p","http://www.meertens.knaw.nl/kloeke/index.php?kloekenummer=B051p","Dronryp"
"63","B051q","http://www.meertens.knaw.nl/kloeke/index.php?kloekenummer=B051q","Wjelsryp"
"64","B052a","http://www.meertens.knaw.nl/kloeke/index.php?kloekenummer=B052a","Bitgum"
"65","B052p","http://www.meertens.knaw.nl/kloeke/index.php?kloekenummer=B052p","Marsum"
"66","B054p","http://www.meertens.knaw.nl/kloeke/index.php?kloekenummer=B054p","Koarnjum"
"67","B056p","http://www.meertens.knaw.nl/kloeke/index.php?kloekenummer=B056p","Ljouwert"
"68","B057b","http://www.meertens.knaw.nl/kloeke/index.php?kloekenummer=B057b","Himpens"
"69","B057p","http://www.meertens.knaw.nl/kloeke/index.php?kloekenummer=B057p","Huzum"
"70","B058a","http://www.meertens.knaw.nl/kloeke/index.php?kloekenummer=B058a","Ryptsjerk"
"71","B058b","http://www.meertens.knaw.nl/kloeke/index.php?kloekenummer=B058b","Gytsjerk"
"72","B058p","http://www.meertens.knaw.nl/kloeke/index.php?kloekenummer=B058p","Tytsjerk"
"73","B059p","http://www.meertens.knaw.nl/kloeke/index.php?kloekenummer=B059p","Hurdegaryp"
"74","B060b","http://www.meertens.knaw.nl/kloeke/index.php?kloekenummer=B060b","Veenwoudsterwald"
"75","B060p","http://www.meertens.knaw.nl/kloeke/index.php?kloekenummer=B060p","Feanwalden"
"76","B061a","http://www.meertens.knaw.nl/kloeke/index.php?kloekenummer=B061a","Garyp"
"77","B061p","http://www.meertens.knaw.nl/kloeke/index.php?kloekenummer=B061p","Suwald"
"78","B062p","http://www.meertens.knaw.nl/kloeke/index.php?kloekenummer=B062p","Burgum"
"79","B063p","http://www.meertens.knaw.nl/kloeke/index.php?kloekenummer=B063p","Sumar"
"80","B064a","http://www.meertens.knaw.nl/kloeke/index.php?kloekenummer=B064a","Droegeham"
"81","B064b","http://www.meertens.knaw.nl/kloeke/index.php?kloekenummer=B064b","Koatstertille"
"82","B064p","http://www.meertens.knaw.nl/kloeke/index.php?kloekenummer=B064p","Jistrum"
"83","B065a","http://www.meertens.knaw.nl/kloeke/index.php?kloekenummer=B065a","Skulenboarch"
"84","B065b","http://www.meertens.knaw.nl/kloeke/index.php?kloekenummer=B065b","It Heechsan"
"85","B065p","http://www.meertens.knaw.nl/kloeke/index.php?kloekenummer=B065p","Oastermar"
"86","B066p","http://www.meertens.knaw.nl/kloeke/index.php?kloekenummer=B066p","Twizel"
"87","B066q","http://www.meertens.knaw.nl/kloeke/index.php?kloekenummer=B066q","Twizelerheide"
"88","B067a","http://www.meertens.knaw.nl/kloeke/index.php?kloekenummer=B067a","De Harkema"
"89","B067p","http://www.meertens.knaw.nl/kloeke/index.php?kloekenummer=B067p","Stynsgea"
"90","B068p","http://www.meertens.knaw.nl/kloeke/index.php?kloekenummer=B068p","Surhusterfean"
"91","B068q","http://www.meertens.knaw.nl/kloeke/index.php?kloekenummer=B068q","Blauhus"
"92","B069b","http://www.meertens.knaw.nl/kloeke/index.php?kloekenummer=B069b","Gerkeskleaster"
"93","B069p","http://www.meertens.knaw.nl/kloeke/index.php?kloekenummer=B069p","Surhuzum"
"94","B076a","http://www.meertens.knaw.nl/kloeke/index.php?kloekenummer=B076a","Kimswert"
"95","B078p","http://www.meertens.knaw.nl/kloeke/index.php?kloekenummer=B078p","Penjum"
"96","B079p","http://www.meertens.knaw.nl/kloeke/index.php?kloekenummer=B079p","Surch"
"97","B080a","http://www.meertens.knaw.nl/kloeke/index.php?kloekenummer=B080a","Wuns"
"98","B080p","http://www.meertens.knaw.nl/kloeke/index.php?kloekenummer=B080p","Wytmarsum"
"99","B081p","http://www.meertens.knaw.nl/kloeke/index.php?kloekenummer=B081p","Tsjom"
"100","B081q","http://www.meertens.knaw.nl/kloeke/index.php?kloekenummer=B081q","Lollum"
"101","B083a","http://www.meertens.knaw.nl/kloeke/index.php?kloekenummer=B083a","Kubaerd"
"102","B083b","http://www.meertens.knaw.nl/kloeke/index.php?kloekenummer=B083b","Easterlittens"
"103","B083p","http://www.meertens.knaw.nl/kloeke/index.php?kloekenummer=B083p","Baerd"
"104","B084a","http://www.meertens.knaw.nl/kloeke/index.php?kloekenummer=B084a","Lytsewierrum"
"105","B084c","http://www.meertens.knaw.nl/kloeke/index.php?kloekenummer=B084c","Easterein"
"106","B084d","http://www.meertens.knaw.nl/kloeke/index.php?kloekenummer=B084d","Burchwert"
"107","B085a","http://www.meertens.knaw.nl/kloeke/index.php?kloekenummer=B085a","Hilaard"
"108","B085b","http://www.meertens.knaw.nl/kloeke/index.php?kloekenummer=B085b","Wytgaerd"
"109","B085q","http://www.meertens.knaw.nl/kloeke/index.php?kloekenummer=B085q","Bears"
"110","B086p","http://www.meertens.knaw.nl/kloeke/index.php?kloekenummer=B086p","Wurdum"
"111","B087z","http://www.meertens.knaw.nl/kloeke/index.php?kloekenummer=B087z","Skillaerd"
"112","B088p","http://www.meertens.knaw.nl/kloeke/index.php?kloekenummer=B088p","Easterwierrum"
"113","B089a","http://www.meertens.knaw.nl/kloeke/index.php?kloekenummer=B089a","Britswert"
"114","B089p","http://www.meertens.knaw.nl/kloeke/index.php?kloekenummer=B089p","Wiuwert"
"115","B090a","http://www.meertens.knaw.nl/kloeke/index.php?kloekenummer=B090a","Yndyk"
"116","B090p","http://www.meertens.knaw.nl/kloeke/index.php?kloekenummer=B090p","Boazum"
"117","B091p","http://www.meertens.knaw.nl/kloeke/index.php?kloekenummer=B091p","Dearsum"
"118","B092b","http://www.meertens.knaw.nl/kloeke/index.php?kloekenummer=B092b","Idaerd"
"119","B092g","http://www.meertens.knaw.nl/kloeke/index.php?kloekenummer=B092g","Roardhuzum"
"120","B092p","http://www.meertens.knaw.nl/kloeke/index.php?kloekenummer=B092p","Raerd"
"121","B093a","http://www.meertens.knaw.nl/kloeke/index.php?kloekenummer=B093a","Warten"
"122","B093p","http://www.meertens.knaw.nl/kloeke/index.php?kloekenummer=B093p","Wergea"
"123","B094p","http://www.meertens.knaw.nl/kloeke/index.php?kloekenummer=B094p","Grou"
"124","B095p","http://www.meertens.knaw.nl/kloeke/index.php?kloekenummer=B095p","Earnewald"
"125","B096a","http://www.meertens.knaw.nl/kloeke/index.php?kloekenummer=B096a","Goaiingahuzen"
"126","B096p","http://www.meertens.knaw.nl/kloeke/index.php?kloekenummer=B096p","Aldegea"
"127","B096q","http://www.meertens.knaw.nl/kloeke/index.php?kloekenummer=B096q","De Feanhoop"
"128","B097p","http://www.meertens.knaw.nl/kloeke/index.php?kloekenummer=B097p","Nijegea"
"129","B097q","http://www.meertens.knaw.nl/kloeke/index.php?kloekenummer=B097q","De Sumardertike"
"130","B098a","http://www.meertens.knaw.nl/kloeke/index.php?kloekenummer=B098a","It Wytfean"
"131","B098p","http://www.meertens.knaw.nl/kloeke/index.php?kloekenummer=B098p","De Rottefalle"
"132","B099a","http://www.meertens.knaw.nl/kloeke/index.php?kloekenummer=B099a","De Pein"
"133","B099b","http://www.meertens.knaw.nl/kloeke/index.php?kloekenummer=B099b","Drachtster Kompenije"
"134","B099c","http://www.meertens.knaw.nl/kloeke/index.php?kloekenummer=B099c","Folgeren"
"135","B099d","http://www.meertens.knaw.nl/kloeke/index.php?kloekenummer=B099d","De Wylgen"
"136","B100p","http://www.meertens.knaw.nl/kloeke/index.php?kloekenummer=B100p","Urterp"
"137","B105a","http://www.meertens.knaw.nl/kloeke/index.php?kloekenummer=B105a","Fryske Peallen"
"138","B105p","http://www.meertens.knaw.nl/kloeke/index.php?kloekenummer=B105p","Sigerswald"
"139","B106a","http://www.meertens.knaw.nl/kloeke/index.php?kloekenummer=B106a","Eksmoarre"
"140","B107a","http://www.meertens.knaw.nl/kloeke/index.php?kloekenummer=B107a","Skuzun"
"141","B107p","http://www.meertens.knaw.nl/kloeke/index.php?kloekenummer=B107p","Piaem"
"142","B108a","http://www.meertens.knaw.nl/kloeke/index.php?kloekenummer=B108a","Dedzjum"
"143","B108p","http://www.meertens.knaw.nl/kloeke/index.php?kloekenummer=B108p","Tsjerkwert"
"144","B109a","http://www.meertens.knaw.nl/kloeke/index.php?kloekenummer=B109a","Ferwalde"
"145","B109p","http://www.meertens.knaw.nl/kloeke/index.php?kloekenummer=B109p","Parregea"
"146","B110b","http://www.meertens.knaw.nl/kloeke/index.php?kloekenummer=B110b","Hartwert"
"147","B110p","http://www.meertens.knaw.nl/kloeke/index.php?kloekenummer=B110p","Bolswert"
"148","B111a","http://www.meertens.knaw.nl/kloeke/index.php?kloekenummer=B111a","Turns"
"149","B111b","http://www.meertens.knaw.nl/kloeke/index.php?kloekenummer=B111b","Blauhus"
"150","B111c","http://www.meertens.knaw.nl/kloeke/index.php?kloekenummer=B111c","Reahus"
"151","B111h","http://www.meertens.knaw.nl/kloeke/index.php?kloekenummer=B111h","Tsjalhuzum"
"152","B111p","http://www.meertens.knaw.nl/kloeke/index.php?kloekenummer=B111p","Nijlan"
"153","B112p","http://www.meertens.knaw.nl/kloeke/index.php?kloekenummer=B112p","Snits"
"154","B113a","http://www.meertens.knaw.nl/kloeke/index.php?kloekenummer=B113a","Nijesyl"
"155","B113b","http://www.meertens.knaw.nl/kloeke/index.php?kloekenummer=B113b","Abbegea"
"156","B113p","http://www.meertens.knaw.nl/kloeke/index.php?kloekenummer=B113p","Easthim"
"157","B114p","http://www.meertens.knaw.nl/kloeke/index.php?kloekenummer=B114p","Drylts"
"158","B115a","http://www.meertens.knaw.nl/kloeke/index.php?kloekenummer=B115a","Gau"
"159","B115p","http://www.meertens.knaw.nl/kloeke/index.php?kloekenummer=B115p","Skearnegoutum"
"160","B116p","http://www.meertens.knaw.nl/kloeke/index.php?kloekenummer=B116p","Offenwier"
"161","B117b","http://www.meertens.knaw.nl/kloeke/index.php?kloekenummer=B117b","Twellingea"
"162","B117c","http://www.meertens.knaw.nl/kloeke/index.php?kloekenummer=B117c","Eagmaryp"
"163","B117p","http://www.meertens.knaw.nl/kloeke/index.php?kloekenummer=B117p","Toppenhuzen"
"164","B118p","http://www.meertens.knaw.nl/kloeke/index.php?kloekenummer=B118p","Terzoal"
"165","B119p","http://www.meertens.knaw.nl/kloeke/index.php?kloekenummer=B119p","Jirnsum"
"166","B120a","http://www.meertens.knaw.nl/kloeke/index.php?kloekenummer=B120a","Terherne"
"167","B121a","http://www.meertens.knaw.nl/kloeke/index.php?kloekenummer=B121a","Gersleat"
"168","B121b","http://www.meertens.knaw.nl/kloeke/index.php?kloekenummer=B121b","Tynje"
"169","B121q","http://www.meertens.knaw.nl/kloeke/index.php?kloekenummer=B121q","Soarremoarre"
"170","B122p","http://www.meertens.knaw.nl/kloeke/index.php?kloekenummer=B122p","Boarnburgum"
"171","B123p","http://www.meertens.knaw.nl/kloeke/index.php?kloekenummer=B123p","Beetstersweach"
"172","B123q","http://www.meertens.knaw.nl/kloeke/index.php?kloekenummer=B123q","Lippenhuzen"
"173","B124a","http://www.meertens.knaw.nl/kloeke/index.php?kloekenummer=B124a","Himrik"
"174","B124p","http://www.meertens.knaw.nl/kloeke/index.php?kloekenummer=B124p","De Gordyk"
"175","B125p","http://www.meertens.knaw.nl/kloeke/index.php?kloekenummer=B125p","Wynjeterp"
"176","B126p","http://www.meertens.knaw.nl/kloeke/index.php?kloekenummer=B126p","Duerswald"
"177","B127p","http://www.meertens.knaw.nl/kloeke/index.php?kloekenummer=B127p","Bakkefean"
"178","B128a","http://www.meertens.knaw.nl/kloeke/index.php?kloekenummer=B128a","De Waskemar"
"179","B128p","http://www.meertens.knaw.nl/kloeke/index.php?kloekenummer=B128p","Haulerwyk"
"180","B129p","http://www.meertens.knaw.nl/kloeke/index.php?kloekenummer=B129p","De Haule"
"181","C026c","http://www.meertens.knaw.nl/kloeke/index.php?kloekenummer=C026c","Saaksumhuizen"
"182","C030p","http://www.meertens.knaw.nl/kloeke/index.php?kloekenummer=C030p","Usquerd"
"183","C062p","http://www.meertens.knaw.nl/kloeke/index.php?kloekenummer=C062p","Rodehaan"
"184","C070a","http://www.meertens.knaw.nl/kloeke/index.php?kloekenummer=C070a","Sint Annen"
"185","C083p","http://www.meertens.knaw.nl/kloeke/index.php?kloekenummer=C083p","Oterdum"
"186","C123p","http://www.meertens.knaw.nl/kloeke/index.php?kloekenummer=C123p","Nieuw Scheemda"
"187","C146b","http://www.meertens.knaw.nl/kloeke/index.php?kloekenummer=C146b","Nieuw Roden"
"188","C181g","http://www.meertens.knaw.nl/kloeke/index.php?kloekenummer=C181g"," "
"189","E009q","http://www.meertens.knaw.nl/kloeke/index.php?kloekenummer=E009q","Wad"
"190","F001p","http://www.meertens.knaw.nl/kloeke/index.php?kloekenummer=F001p","Warkum"
"191","F001q","http://www.meertens.knaw.nl/kloeke/index.php?kloekenummer=F001q","Nijhuzum"
"192","F002a","http://www.meertens.knaw.nl/kloeke/index.php?kloekenummer=F002a","Aldegea"
"193","F002b","http://www.meertens.knaw.nl/kloeke/index.php?kloekenummer=F002b","Easterein"
"194","F002c","http://www.meertens.knaw.nl/kloeke/index.php?kloekenummer=F002c","Jutryp"
"195","F002d","http://www.meertens.knaw.nl/kloeke/index.php?kloekenummer=F002d","De Hommerts"
"196","F002e","http://www.meertens.knaw.nl/kloeke/index.php?kloekenummer=F002e","De Gaestmar"
"197","F002f","http://www.meertens.knaw.nl/kloeke/index.php?kloekenummer=F002f","Heech"
"198","F002p","http://www.meertens.knaw.nl/kloeke/index.php?kloekenummer=F002p","Hynljippen "
"199","F003a","http://www.meertens.knaw.nl/kloeke/index.php?kloekenummer=F003a","De Yndyk"
"200","F003p","http://www.meertens.knaw.nl/kloeke/index.php?kloekenummer=F003p","Waldsein"
"201","F003q","http://www.meertens.knaw.nl/kloeke/index.php?kloekenummer=F003q","Ypkolsgea"
"202","F003z","http://www.meertens.knaw.nl/kloeke/index.php?kloekenummer=F003z","Ealehuzen"
"203","F004p","http://www.meertens.knaw.nl/kloeke/index.php?kloekenummer=F004p","Langwar"
"204","F005a","http://www.meertens.knaw.nl/kloeke/index.php?kloekenummer=F005a","Jidskenhuzen"
"205","F005p","http://www.meertens.knaw.nl/kloeke/index.php?kloekenummer=F005p","Sint Nikelsgea"
"206","F005q","http://www.meertens.knaw.nl/kloeke/index.php?kloekenummer=F005q","Ousternijegea"
"207","F005y","http://www.meertens.knaw.nl/kloeke/index.php?kloekenummer=F005y","Aldeouwer"
"208","F006p","http://www.meertens.knaw.nl/kloeke/index.php?kloekenummer=F006p","Sniksweach"
"209","F007a","http://www.meertens.knaw.nl/kloeke/index.php?kloekenummer=F007a","Westermar"
"210","F007p","http://www.meertens.knaw.nl/kloeke/index.php?kloekenummer=F007p","De Jouwer"
"211","F008p","http://www.meertens.knaw.nl/kloeke/index.php?kloekenummer=F008p","Haskerhoarne"
"212","F009p","http://www.meertens.knaw.nl/kloeke/index.php?kloekenummer=F009p","Ousterhaule"
"213","F010a","http://www.meertens.knaw.nl/kloeke/index.php?kloekenummer=F010a","Haskerdiken"
"214","F011a","http://www.meertens.knaw.nl/kloeke/index.php?kloekenummer=F011a","Terbant"
"215","F011p","http://www.meertens.knaw.nl/kloeke/index.php?kloekenummer=F011p","It Lunjebert"
"216","F012p","http://www.meertens.knaw.nl/kloeke/index.php?kloekenummer=F012p","De Knipe West"
"217","F013a","http://www.meertens.knaw.nl/kloeke/index.php?kloekenummer=F013a","It Oranjewald"
"218","F013c","http://www.meertens.knaw.nl/kloeke/index.php?kloekenummer=F013c","Aldehaske"
"219","F014p","http://www.meertens.knaw.nl/kloeke/index.php?kloekenummer=F014p","Sint Jansgea"
"220","F016p","http://www.meertens.knaw.nl/kloeke/index.php?kloekenummer=F016p","Nijeskoat"
"221","F017p","http://www.meertens.knaw.nl/kloeke/index.php?kloekenummer=F017p","Aldeskoat"
"222","F018p","http://www.meertens.knaw.nl/kloeke/index.php?kloekenummer=F018p","Langsweagen"
"223","F019b","http://www.meertens.knaw.nl/kloeke/index.php?kloekenummer=F019b","Ketlik"
"224","F019i","http://www.meertens.knaw.nl/kloeke/index.php?kloekenummer=F019i","De Bontebok"
"225","F019p","http://www.meertens.knaw.nl/kloeke/index.php?kloekenummer=F019p","Aldehoarne"
"226","F020a","http://www.meertens.knaw.nl/kloeke/index.php?kloekenummer=F020a","Koartsweagen"
"227","F020p","http://www.meertens.knaw.nl/kloeke/index.php?kloekenummer=F020p","Jobbegea Skuorregea"
"228","F021p","http://www.meertens.knaw.nl/kloeke/index.php?kloekenummer=F021p","Aldeberkeap"
"229","F021q","http://www.meertens.knaw.nl/kloeke/index.php?kloekenummer=F021q","Sanhuzen"
"230","F022a","http://www.meertens.knaw.nl/kloeke/index.php?kloekenummer=F022a","Nijeberkeap"
"231","F022p","http://www.meertens.knaw.nl/kloeke/index.php?kloekenummer=F022p","Makkingea"
"232","F023p","http://www.meertens.knaw.nl/kloeke/index.php?kloekenummer=F023p","Easterwalde"
"233","F025p","http://www.meertens.knaw.nl/kloeke/index.php?kloekenummer=F025p","Ald Appelskea"
"234","F025q","http://www.meertens.knaw.nl/kloeke/index.php?kloekenummer=F025q","Langedike"
"235","F027p","http://www.meertens.knaw.nl/kloeke/index.php?kloekenummer=F027p","Molkwar"
"236","F029a","http://www.meertens.knaw.nl/kloeke/index.php?kloekenummer=F029a","Bakhuzen"
"237","F029p","http://www.meertens.knaw.nl/kloeke/index.php?kloekenummer=F029p","Himmelum"
"238","F030p","http://www.meertens.knaw.nl/kloeke/index.php?kloekenummer=F030p","Murns"
"239","F031p","http://www.meertens.knaw.nl/kloeke/index.php?kloekenummer=F031p","Aldegea"
"240","F032p","http://www.meertens.knaw.nl/kloeke/index.php?kloekenummer=F032p","Nijegea"
"241","F035p","http://www.meertens.knaw.nl/kloeke/index.php?kloekenummer=F035p","Sleat"
"242","F036b","http://www.meertens.knaw.nl/kloeke/index.php?kloekenummer=F036b","Nijemardum"
"243","F036p","http://www.meertens.knaw.nl/kloeke/index.php?kloekenummer=F036p","Aldemardum"
"244","F036q","http://www.meertens.knaw.nl/kloeke/index.php?kloekenummer=F036q","Riis"
"245","F037p","http://www.meertens.knaw.nl/kloeke/index.php?kloekenummer=F037p","Teakesyl"
"246","F038z","http://www.meertens.knaw.nl/kloeke/index.php?kloekenummer=F038z","Bantgea"
"247","F039a","http://www.meertens.knaw.nl/kloeke/index.php?kloekenummer=F039a","Tsjerkgaest"
"248","F039p","http://www.meertens.knaw.nl/kloeke/index.php?kloekenummer=F039p","Easterse"
"249","F040a","http://www.meertens.knaw.nl/kloeke/index.php?kloekenummer=F040a","Follegea"
"250","F040b","http://www.meertens.knaw.nl/kloeke/index.php?kloekenummer=F040b","Dunegea"
"251","F040c","http://www.meertens.knaw.nl/kloeke/index.php?kloekenummer=F040c","Ychtenbrege"
"252","F040p","http://www.meertens.knaw.nl/kloeke/index.php?kloekenummer=F040p","Ychten"
"253","F041a","http://www.meertens.knaw.nl/kloeke/index.php?kloekenummer=F041a","Delfsterhuzen"
"254","F041b","http://www.meertens.knaw.nl/kloeke/index.php?kloekenummer=F041b","Muntsebuorren"
"255","F041k","http://www.meertens.knaw.nl/kloeke/index.php?kloekenummer=F041k","Aldetrine"
"256","F041p","http://www.meertens.knaw.nl/kloeke/index.php?kloekenummer=F041p","Rotstergaest"
"257","F042a","http://www.meertens.knaw.nl/kloeke/index.php?kloekenummer=F042a","Nijelemmer"
"258","F042b","http://www.meertens.knaw.nl/kloeke/index.php?kloekenummer=F042b","Aldelemmer"
"259","F043a","http://www.meertens.knaw.nl/kloeke/index.php?kloekenummer=F043a","Teridzert"
"260","F043b","http://www.meertens.knaw.nl/kloeke/index.php?kloekenummer=F043b","Aldeholtpea"
"261","F043h","http://www.meertens.knaw.nl/kloeke/index.php?kloekenummer=F043h","Aldeholtwalde"
"262","F045p","http://www.meertens.knaw.nl/kloeke/index.php?kloekenummer=F045p","Pipergea"
"263","F046a","http://www.meertens.knaw.nl/kloeke/index.php?kloekenummer=F046a","Finkegea"
"264","F047a","http://www.meertens.knaw.nl/kloeke/index.php?kloekenummer=F047a","Wilhelmina s Oard"
"265","F048p","http://www.meertens.knaw.nl/kloeke/index.php?kloekenummer=F048p","Buil"
"266","F052a","http://www.meertens.knaw.nl/kloeke/index.php?kloekenummer=F052a","Slikenboarch"
"267","F054p","http://www.meertens.knaw.nl/kloeke/index.php?kloekenummer=F054p","Spangea"
"268","F059c","http://www.meertens.knaw.nl/kloeke/index.php?kloekenummer=F059c","Blesdike"
"269","F074a","http://www.meertens.knaw.nl/kloeke/index.php?kloekenummer=F074a","Hesselingen  Indu.Terrein"
"270","G001a","http://www.meertens.knaw.nl/kloeke/index.php?kloekenummer=G001a","De Fochtel"
"271","G001b","http://www.meertens.knaw.nl/kloeke/index.php?kloekenummer=G001b","Appelskea"
"272","G001c","http://www.meertens.knaw.nl/kloeke/index.php?kloekenummer=G001c","Ravenswald"
"273","G050j","http://www.meertens.knaw.nl/kloeke/index.php?kloekenummer=G050j"," "
"274","G229p","http://www.meertens.knaw.nl/kloeke/index.php?kloekenummer=G229p","Boekelo Gem. Haaksbergen"
"275","G231p","http://www.meertens.knaw.nl/kloeke/index.php?kloekenummer=G231p","Boekelo Gem. Enschede"
"276","H002a","http://www.meertens.knaw.nl/kloeke/index.php?kloekenummer=H002a","Het-Zoute"
"277","H073p","http://www.meertens.knaw.nl/kloeke/index.php?kloekenummer=H073p","Saint-Pol-Sur-Mer"
"278","H074a","http://www.meertens.knaw.nl/kloeke/index.php?kloekenummer=H074a","Malo-Les-Bains"
"279","H074p","http://www.meertens.knaw.nl/kloeke/index.php?kloekenummer=H074p","Dunkerque"
"280","H075p","http://www.meertens.knaw.nl/kloeke/index.php?kloekenummer=H075p","Rosendael"
"281","H076p","http://www.meertens.knaw.nl/kloeke/index.php?kloekenummer=H076p","Zuydcoote"
"282","H077p","http://www.meertens.knaw.nl/kloeke/index.php?kloekenummer=H077p","Leffrinkhoucke"
"283","H078p","http://www.meertens.knaw.nl/kloeke/index.php?kloekenummer=H078p","Coudekerque-Branche"
"284","H079p","http://www.meertens.knaw.nl/kloeke/index.php?kloekenummer=H079p","Teteghem"
"285","H080p","http://www.meertens.knaw.nl/kloeke/index.php?kloekenummer=H080p","Uxem"
"286","H081a","http://www.meertens.knaw.nl/kloeke/index.php?kloekenummer=H081a","Bray-Dunes"
"287","H081p","http://www.meertens.knaw.nl/kloeke/index.php?kloekenummer=H081p","Ghyvelde"
"288","H082p","http://www.meertens.knaw.nl/kloeke/index.php?kloekenummer=H082p","Les Moeres"
"289","K022p","http://www.meertens.knaw.nl/kloeke/index.php?kloekenummer=K022p","Willige Langerak-Schoonh."
"290","L263a","http://www.meertens.knaw.nl/kloeke/index.php?kloekenummer=L263a","Liezel"
"291","L385p","http://www.meertens.knaw.nl/kloeke/index.php?kloekenummer=L385p","Sint-Odilienberg"
"292","M009a","http://www.meertens.knaw.nl/kloeke/index.php?kloekenummer=M009a","Lintelo-Ten-Noorden"
"293","M046b","http://www.meertens.knaw.nl/kloeke/index.php?kloekenummer=M046b","Klein-Bredenbroek"
"294","M046c","http://www.meertens.knaw.nl/kloeke/index.php?kloekenummer=M046c","Groot-Bredenboek"
"295","M048a","http://www.meertens.knaw.nl/kloeke/index.php?kloekenummer=M048a","Lintelo-Ten-Zuiden"
"296","N001a","http://www.meertens.knaw.nl/kloeke/index.php?kloekenummer=N001a","Kapelle"
"297","N001p","http://www.meertens.knaw.nl/kloeke/index.php?kloekenummer=N001p","Armbouts-Kappel"
"298","N002p","http://www.meertens.knaw.nl/kloeke/index.php?kloekenummer=N002p","Koudekerke-Dorp"
"299","N003p","http://www.meertens.knaw.nl/kloeke/index.php?kloekenummer=N003p","Stene"
"300","N004p","http://www.meertens.knaw.nl/kloeke/index.php?kloekenummer=N004p","Bieren"
"301","N005a","http://www.meertens.knaw.nl/kloeke/index.php?kloekenummer=N005a","Hooimille"
"302","N005p","http://www.meertens.knaw.nl/kloeke/index.php?kloekenummer=N005p","Sint-Winoksbergen"
"303","N006p","http://www.meertens.knaw.nl/kloeke/index.php?kloekenummer=N006p","Warrem"
"304","N007p","http://www.meertens.knaw.nl/kloeke/index.php?kloekenummer=N007p","Krochte"
"305","N008p","http://www.meertens.knaw.nl/kloeke/index.php?kloekenummer=N008p","Soks"
"306","N009p","http://www.meertens.knaw.nl/kloeke/index.php?kloekenummer=N009p","Kwaadieper"
"307","N010a","http://www.meertens.knaw.nl/kloeke/index.php?kloekenummer=N010a","Oostkappel"
"308","N010p","http://www.meertens.knaw.nl/kloeke/index.php?kloekenummer=N010p","Westkappel"
"309","N011p","http://www.meertens.knaw.nl/kloeke/index.php?kloekenummer=N011p","Rekspoede"
"310","N013p","http://www.meertens.knaw.nl/kloeke/index.php?kloekenummer=N013p","Hondschote"
"311","N017p","http://www.meertens.knaw.nl/kloeke/index.php?kloekenummer=N017p","Roestbrugge-Haringe"
"312","N048p","http://www.meertens.knaw.nl/kloeke/index.php?kloekenummer=N048p","Eringem"
"313","N049p","http://www.meertens.knaw.nl/kloeke/index.php?kloekenummer=N049p","Bissezele"
"314","N050p","http://www.meertens.knaw.nl/kloeke/index.php?kloekenummer=N050p","Wilder"
"315","N051p","http://www.meertens.knaw.nl/kloeke/index.php?kloekenummer=N051p","Zegers-Kappel"
"316","N052p","http://www.meertens.knaw.nl/kloeke/index.php?kloekenummer=N052p","Ekelsbeke"
"317","N053p","http://www.meertens.knaw.nl/kloeke/index.php?kloekenummer=N053p","Wormhout"
"318","N054p","http://www.meertens.knaw.nl/kloeke/index.php?kloekenummer=N054p","Rubroek"
"319","N056p","http://www.meertens.knaw.nl/kloeke/index.php?kloekenummer=N056p","Ledringem"
"320","N057p","http://www.meertens.knaw.nl/kloeke/index.php?kloekenummer=N057p","Bambeke"
"321","N058p","http://www.meertens.knaw.nl/kloeke/index.php?kloekenummer=N058p","Herzele"
"322","N059p","http://www.meertens.knaw.nl/kloeke/index.php?kloekenummer=N059p","Houtkerke"
"323","N060p","http://www.meertens.knaw.nl/kloeke/index.php?kloekenummer=N060p","Oudezele"
"324","N061p","http://www.meertens.knaw.nl/kloeke/index.php?kloekenummer=N061p","Winnezele"
"325","N095p","http://www.meertens.knaw.nl/kloeke/index.php?kloekenummer=N095p","Noordpene"
"326","N096p","http://www.meertens.knaw.nl/kloeke/index.php?kloekenummer=N096p","Wemaarskapelle"
"327","N097p","http://www.meertens.knaw.nl/kloeke/index.php?kloekenummer=N097p","Kassel"
"328","N098p","http://www.meertens.knaw.nl/kloeke/index.php?kloekenummer=N098p","Zuidpene"
"329","N099p","http://www.meertens.knaw.nl/kloeke/index.php?kloekenummer=N099p","Bavinkhove"
"330","N100a","http://www.meertens.knaw.nl/kloeke/index.php?kloekenummer=N100a","Schouwbroek"
"331","N100p","http://www.meertens.knaw.nl/kloeke/index.php?kloekenummer=N100p","Okselare"
"332","N101p","http://www.meertens.knaw.nl/kloeke/index.php?kloekenummer=N101p","Stapel"
"333","N102p","http://www.meertens.knaw.nl/kloeke/index.php?kloekenummer=N102p","Sint-Maria-Kappel"
"334","N103p","http://www.meertens.knaw.nl/kloeke/index.php?kloekenummer=N103p","Terdegem"
"335","N105p","http://www.meertens.knaw.nl/kloeke/index.php?kloekenummer=N105p","Sint-Silvester-Kappel"
"336","N106p","http://www.meertens.knaw.nl/kloeke/index.php?kloekenummer=N106p","Eke"
"337","N107p","http://www.meertens.knaw.nl/kloeke/index.php?kloekenummer=N107p","Godewaarsvelde"
"338","N108p","http://www.meertens.knaw.nl/kloeke/index.php?kloekenummer=N108p","Hondegem"
"339","N109p","http://www.meertens.knaw.nl/kloeke/index.php?kloekenummer=N109p","Kaaster"
"340","N110p","http://www.meertens.knaw.nl/kloeke/index.php?kloekenummer=N110p","Vleteren"
"341","N112p","http://www.meertens.knaw.nl/kloeke/index.php?kloekenummer=N112p","Berten"
"342","N113p","http://www.meertens.knaw.nl/kloeke/index.php?kloekenummer=N113p","Sint-Jans-Kappel"
"343","N124p","http://www.meertens.knaw.nl/kloeke/index.php?kloekenummer=N124p","Houtem"
"344","N127p","http://www.meertens.knaw.nl/kloeke/index.php?kloekenummer=N127p","Waasten"
"345","N128p","http://www.meertens.knaw.nl/kloeke/index.php?kloekenummer=N128p","Neerwaasten"
"346","N133p","http://www.meertens.knaw.nl/kloeke/index.php?kloekenummer=N133p","Frans Komen"
"347","N134p","http://www.meertens.knaw.nl/kloeke/index.php?kloekenummer=N134p","Frans Wervik"
"348","N135p","http://www.meertens.knaw.nl/kloeke/index.php?kloekenummer=N135p","Busbeke"
"349","N136p","http://www.meertens.knaw.nl/kloeke/index.php?kloekenummer=N136p","Halewijn"
"350","N138p","http://www.meertens.knaw.nl/kloeke/index.php?kloekenummer=N138p","Ronk"
"351","N147p","http://www.meertens.knaw.nl/kloeke/index.php?kloekenummer=N147p","Ruischeure"
"352","N148p","http://www.meertens.knaw.nl/kloeke/index.php?kloekenummer=N148p","Ebblingem"
"353","N149p","http://www.meertens.knaw.nl/kloeke/index.php?kloekenummer=N149p","Waals-Kappel"
"354","N150p","http://www.meertens.knaw.nl/kloeke/index.php?kloekenummer=N150p","Linde"
"355","N151p","http://www.meertens.knaw.nl/kloeke/index.php?kloekenummer=N151p","Zerkel"
"356","N152p","http://www.meertens.knaw.nl/kloeke/index.php?kloekenummer=N152p","Blaringem"
"357","N153p","http://www.meertens.knaw.nl/kloeke/index.php?kloekenummer=N153p","Steenbeke"
"358","N154p","http://www.meertens.knaw.nl/kloeke/index.php?kloekenummer=N154p","Moerbeke"
"359","N155p","http://www.meertens.knaw.nl/kloeke/index.php?kloekenummer=N155p","Hazebroek"
"360","N157p","http://www.meertens.knaw.nl/kloeke/index.php?kloekenummer=N157p","Pradeels"
"361","N158p","http://www.meertens.knaw.nl/kloeke/index.php?kloekenummer=N158p","Strazele"
"362","N160a","http://www.meertens.knaw.nl/kloeke/index.php?kloekenummer=N160a","De Walle"
"363","N160p","http://www.meertens.knaw.nl/kloeke/index.php?kloekenummer=N160p","Oud-Berkijn"
"364","N162p","http://www.meertens.knaw.nl/kloeke/index.php?kloekenummer=N162p","Belle"
"365","N164p","http://www.meertens.knaw.nl/kloeke/index.php?kloekenummer=N164p","Steenwerk"
"366","N174p","http://www.meertens.knaw.nl/kloeke/index.php?kloekenummer=N174p","Robeke"
"367","N175p","http://www.meertens.knaw.nl/kloeke/index.php?kloekenummer=N175p","Moeskroen"
"368","N177p","http://www.meertens.knaw.nl/kloeke/index.php?kloekenummer=N177p","Herzeeuw"
"369","N178p","http://www.meertens.knaw.nl/kloeke/index.php?kloekenummer=N178p","Dottenijs"
"370","N179p","http://www.meertens.knaw.nl/kloeke/index.php?kloekenummer=N179p","Steenput"
"371","O077p","http://www.meertens.knaw.nl/kloeke/index.php?kloekenummer=O077p","Sint Baafs Vijve"
"372","O193p","http://www.meertens.knaw.nl/kloeke/index.php?kloekenummer=O193p","Escanaffles"
"373","O210a","http://www.meertens.knaw.nl/kloeke/index.php?kloekenummer=O210a","La Houpe"
"374","O260p","http://www.meertens.knaw.nl/kloeke/index.php?kloekenummer=O260p","Espierres"
"375","O263p","http://www.meertens.knaw.nl/kloeke/index.php?kloekenummer=O263p","Amengijs"
"376","O264p","http://www.meertens.knaw.nl/kloeke/index.php?kloekenummer=O264p","Rozenaken"
"377","O265p","http://www.meertens.knaw.nl/kloeke/index.php?kloekenummer=O265p","Renaix"
"378","O268p","http://www.meertens.knaw.nl/kloeke/index.php?kloekenummer=O268p","Vloesberg"
"379","O270p","http://www.meertens.knaw.nl/kloeke/index.php?kloekenummer=O270p","Deux-Acren"
"380","O279p","http://www.meertens.knaw.nl/kloeke/index.php?kloekenummer=O279p","Saintes"
"381","O280p","http://www.meertens.knaw.nl/kloeke/index.php?kloekenummer=O280p","Bierghes"
"382","O281p","http://www.meertens.knaw.nl/kloeke/index.php?kloekenummer=O281p","Enghien"
"383","O282p","http://www.meertens.knaw.nl/kloeke/index.php?kloekenummer=O282p","Petit-Enghien"
"384","O283p","http://www.meertens.knaw.nl/kloeke/index.php?kloekenummer=O283p","Rebecq-Rognon"
"385","O289p","http://www.meertens.knaw.nl/kloeke/index.php?kloekenummer=O289p","Tourneppe"
"386","O291p","http://www.meertens.knaw.nl/kloeke/index.php?kloekenummer=O291p","Tubize"
"387","O292p","http://www.meertens.knaw.nl/kloeke/index.php?kloekenummer=O292p","Clabecq"
"388","P141p","http://www.meertens.knaw.nl/kloeke/index.php?kloekenummer=P141p","Tourinnes-La-Grosse"
"389","P142p","http://www.meertens.knaw.nl/kloeke/index.php?kloekenummer=P142p","Beauvechain"
"390","P153p","http://www.meertens.knaw.nl/kloeke/index.php?kloekenummer=P153p","Zetrud-Lumay"
"391","P156p","http://www.meertens.knaw.nl/kloeke/index.php?kloekenummer=P156p","Neerheylissem"
"392","P210p","http://www.meertens.knaw.nl/kloeke/index.php?kloekenummer=P210p","Racourt"
"393","P225p","http://www.meertens.knaw.nl/kloeke/index.php?kloekenummer=P225p","Corswarem"
"394","P226p","http://www.meertens.knaw.nl/kloeke/index.php?kloekenummer=P226p","Rosoux-Crenwick"
"395","P228p","http://www.meertens.knaw.nl/kloeke/index.php?kloekenummer=P228p","Bettincourt"
"396","P229p","http://www.meertens.knaw.nl/kloeke/index.php?kloekenummer=P229p","Waremme"
"397","Q032b","http://www.meertens.knaw.nl/kloeke/index.php?kloekenummer=Q032b","Sweikhuizen"
"398","Q153p","http://www.meertens.knaw.nl/kloeke/index.php?kloekenummer=Q153p","Gors Opleeuw"
"399","Q176p","http://www.meertens.knaw.nl/kloeke/index.php?kloekenummer=Q176p","Eben-Emaal"
"400","Q179p","http://www.meertens.knaw.nl/kloeke/index.php?kloekenummer=Q179p","Zichen Zussen Bolder"
"401","Q184p","http://www.meertens.knaw.nl/kloeke/index.php?kloekenummer=Q184p","Rukkelingen-Op-Den-Jeker"
"402","Q185p","http://www.meertens.knaw.nl/kloeke/index.php?kloekenummer=Q185p","Bitsingen"
"403","Q186p","http://www.meertens.knaw.nl/kloeke/index.php?kloekenummer=Q186p","Wonk"
"404","Q189p","http://www.meertens.knaw.nl/kloeke/index.php?kloekenummer=Q189p","Ternaaien"
"405","Q190p","http://www.meertens.knaw.nl/kloeke/index.php?kloekenummer=Q190p","Lieze"
"406","Q239p","http://www.meertens.knaw.nl/kloeke/index.php?kloekenummer=Q239p","Wouteringen"
"407","Q244p","http://www.meertens.knaw.nl/kloeke/index.php?kloekenummer=Q244p","Elch"
"408","Q245p","http://www.meertens.knaw.nl/kloeke/index.php?kloekenummer=Q245p","Glaaien"
"409","Q246p","http://www.meertens.knaw.nl/kloeke/index.php?kloekenummer=Q246p","Wezet"
"410","Q246p","http://www.meertens.knaw.nl/kloeke/index.php?kloekenummer=Q246p","Wezet"
"411","Q249a","http://www.meertens.knaw.nl/kloeke/index.php?kloekenummer=Q249a","Kluis"
"412","Q250p","http://www.meertens.knaw.nl/kloeke/index.php?kloekenummer=Q250p","Homburg"
"413","Q253a","http://www.meertens.knaw.nl/kloeke/index.php?kloekenummer=Q253a","Bleiberg"
"414","Q253p","http://www.meertens.knaw.nl/kloeke/index.php?kloekenummer=Q253p","Montsen"
"415","Q254p","http://www.meertens.knaw.nl/kloeke/index.php?kloekenummer=Q254p","Hendrik-Kapelle"
"416","Q256p","http://www.meertens.knaw.nl/kloeke/index.php?kloekenummer=Q256p","Nieuw-Moresnet"
"417","Q257p","http://www.meertens.knaw.nl/kloeke/index.php?kloekenummer=Q257p","Hergenraat"
"418","Q259p","http://www.meertens.knaw.nl/kloeke/index.php?kloekenummer=Q259p","Lontsen"
"419","Q276p","http://www.meertens.knaw.nl/kloeke/index.php?kloekenummer=Q276p","Luik"
"420","Q278a","http://www.meertens.knaw.nl/kloeke/index.php?kloekenummer=Q278a","Herbestal"
"421","Q278p","http://www.meertens.knaw.nl/kloeke/index.php?kloekenummer=Q278p","Welkenraat"
"422","Q279p","http://www.meertens.knaw.nl/kloeke/index.php?kloekenummer=Q279p","Balen"
"423","Q281p","http://www.meertens.knaw.nl/kloeke/index.php?kloekenummer=Q281p","Limburg"
"424","R001p","http://www.meertens.knaw.nl/kloeke/index.php?kloekenummer=R001p","Mardijk"
"425","R002p","http://www.meertens.knaw.nl/kloeke/index.php?kloekenummer=R002p","Groot-Sinten"
"426","R003p","http://www.meertens.knaw.nl/kloeke/index.php?kloekenummer=R003p","Klein-Sinten"
"427","R004p","http://www.meertens.knaw.nl/kloeke/index.php?kloekenummer=R004p","Fort-Mardijk"
"428","S001a","http://www.meertens.knaw.nl/kloeke/index.php?kloekenummer=S001a","Sint-Joris"
"429","S001p","http://www.meertens.knaw.nl/kloeke/index.php?kloekenummer=S001p","Grevelingen"
"430","S002p","http://www.meertens.knaw.nl/kloeke/index.php?kloekenummer=S002p","Loon"
"431","S003p","http://www.meertens.knaw.nl/kloeke/index.php?kloekenummer=S003p","Kraaiwijk"
"432","S004p","http://www.meertens.knaw.nl/kloeke/index.php?kloekenummer=S004p","Broekburg"
"433","S005p","http://www.meertens.knaw.nl/kloeke/index.php?kloekenummer=S005p","Burburg-Buiten"
"434","S006p","http://www.meertens.knaw.nl/kloeke/index.php?kloekenummer=S006p","Koppenaksfort"
"435","S007p","http://www.meertens.knaw.nl/kloeke/index.php?kloekenummer=S007p","Broekkerke"
"436","S008p","http://www.meertens.knaw.nl/kloeke/index.php?kloekenummer=S008p","Spijker"
"437","S010p","http://www.meertens.knaw.nl/kloeke/index.php?kloekenummer=S010p","Loberge"
"438","S011p","http://www.meertens.knaw.nl/kloeke/index.php?kloekenummer=S011p","Sint-Pieters-Broek"
"439","S012a","http://www.meertens.knaw.nl/kloeke/index.php?kloekenummer=S012a","Drinkam"
"440","S012p","http://www.meertens.knaw.nl/kloeke/index.php?kloekenummer=S012p","Kapelle-Broek"
"441","S013p","http://www.meertens.knaw.nl/kloeke/index.php?kloekenummer=S013p","Holke"
"442","S014a","http://www.meertens.knaw.nl/kloeke/index.php?kloekenummer=S014a","Merkegem"
"443","S015p","http://www.meertens.knaw.nl/kloeke/index.php?kloekenummer=S015p","Bollezele"
"444","S017p","http://www.meertens.knaw.nl/kloeke/index.php?kloekenummer=S017p","Wulverdinge"
"445","S018p","http://www.meertens.knaw.nl/kloeke/index.php?kloekenummer=S018p","Volkerinkhove"
"446","S019p","http://www.meertens.knaw.nl/kloeke/index.php?kloekenummer=S019p","Lederzele"
"447","S020a","http://www.meertens.knaw.nl/kloeke/index.php?kloekenummer=S020a","Buischeure"
"448","S020p","http://www.meertens.knaw.nl/kloeke/index.php?kloekenummer=S020p","Brokzele"
"449","S021a","http://www.meertens.knaw.nl/kloeke/index.php?kloekenummer=S021a","Nieuwerleet"
"450","S021p","http://www.meertens.knaw.nl/kloeke/index.php?kloekenummer=S021p","Sint-Mommelijn"
"451","S023p","http://www.meertens.knaw.nl/kloeke/index.php?kloekenummer=S023p","Sint-Omaars"
"452","Z219d","http://www.meertens.knaw.nl/kloeke/index.php?kloekenummer=Z219d","Eschweiler"
"453","B052b","http://www.meertens.knaw.nl/kloeke/index.php?kloekenummer=B052b","Bitgummole"
